index,target
17460713500198922_23_4_2021,2
17460713500198922_30_4_2021,2
17460713500198922_7_5_2021,2
17460713500198922_14_5_2021,2
17460713500198922_21_5_2021,2
17460713500198922_28_5_2021,2
44398184294692916_26_1_2021,2
44398184294692916_2_3_2021,2
627126318805179801_2_3_2020,1
627126318805179801_9_3_2020,2
908890637861460928_29_4_2021,2
908890637861460928_6_5_2021,1
908890637861460928_13_5_2021,2
908890637861460928_20_5_2021,2
908890637861460928_27_5_2021,2
908890637861460928_3_6_2021,2
908890637861460928_10_6_2021,2
908890637861460928_17_6_2021,2
908890637861460928_24_6_2021,2
912965545811411349_1_8_2019,1
912965545811411349_8_8_2019,1
912965545811411349_15_8_2019,2
943020563690026654_6_4_2021,2
943020563690026654_13_4_2021,2
1241730285428838113_15_10_2021,2
1241730285428838113_22_10_2021,2
2054581353498440088_22_5_2019,2
2054581353498440088_29_5_2019,2
2054581353498440088_5_6_2019,1
2054581353498440088_12_6_2019,1
2054581353498440088_19_6_2019,1
2054581353498440088_26_6_2019,1
2054581353498440088_3_7_2019,1
2054581353498440088_10_7_2019,1
2054581353498440088_17_7_2019,1
2054581353498440088_24_7_2019,1
2054581353498440088_31_7_2019,1
2054581353498440088_7_8_2019,1
2054581353498440088_14_8_2019,1
2054581353498440088_21_8_2019,1
2054581353498440088_28_8_2019,1
2054581353498440088_4_9_2019,1
2054581353498440088_11_9_2019,1
2054581353498440088_18_9_2019,1
2054581353498440088_25_9_2019,1
2054581353498440088_2_10_2019,1
2054581353498440088_9_10_2019,1
2054581353498440088_16_10_2019,2
2054581353498440088_23_10_2019,1
2054581353498440088_30_10_2019,2
2060139780864859344_9_3_2020,2
2060139780864859344_16_3_2020,2
2160838669888519328_26_3_2021,2
2160838669888519328_2_4_2021,2
2160838669888519328_9_4_2021,2
2160838669888519328_16_4_2021,2
2160838669888519328_23_4_2021,2
2160838669888519328_30_4_2021,2
2160838669888519328_7_5_2021,2
2406006740760105413_21_11_2019,0
2406006740760105413_28_11_2019,0
2406006740760105413_5_12_2019,0
2406006740760105413_12_12_2019,0
2806537919258518454_16_4_2021,0
2806537919258518454_23_4_2021,0
2989262035406200466_21_9_2021,2
2989262035406200466_28_9_2021,2
2989262035406200466_5_10_2021,2
2989262035406200466_12_10_2021,2
3182715110833314796_17_2_2021,2
3182715110833314796_24_2_2021,2
3399888052082750787_18_6_2021,2
3399888052082750787_25_6_2021,2
3765929666383345088_19_2_2021,2
3765929666383345088_26_2_2021,2
4228612881065534117_4_5_2021,2
4228612881065534117_11_5_2021,2
4228612881065534117_18_5_2021,2
4228612881065534117_25_5_2021,2
4336228092389424326_26_4_2021,2
4336228092389424326_3_5_2021,2
4336228092389424326_10_5_2021,2
4336228092389424326_17_5_2021,2
4336228092389424326_24_5_2021,2
4336228092389424326_31_5_2021,2
4336228092389424326_7_6_2021,2
4336228092389424326_14_6_2021,2
4336228092389424326_21_6_2021,2
4336228092389424326_28_6_2021,2
4336228092389424326_5_7_2021,2
4336228092389424326_12_7_2021,2
4336228092389424326_19_7_2021,2
4336228092389424326_26_7_2021,2
4513238825215423618_30_11_2019,2
4513238825215423618_7_12_2019,2
4513238825215423618_14_12_2019,2
4513238825215423618_21_12_2019,2
4566044089977622352_25_9_2021,2
4566044089977622352_2_10_2021,2
4566044089977622352_9_10_2021,2
4924326003277402970_14_9_2021,2
4924326003277402970_21_9_2021,2
4924326003277402970_28_9_2021,2
5185963470821004804_4_8_2021,2
5185963470821004804_11_8_2021,2
5266009246969735828_4_11_2021,2
5266009246969735828_11_11_2021,2
5429090942329900412_10_3_2021,2
5429090942329900412_17_3_2021,2
5598554440140387522_23_11_2020,2
5598554440140387522_30_11_2020,2
5886728870816497703_23_9_2021,2
5886728870816497703_30_9_2021,2
6378585963513862273_7_4_2020,2
6378585963513862273_14_4_2020,2
6378585963513862273_21_4_2020,0
6378585963513862273_28_4_2020,0
6393058062788394081_8_12_2020,2
6393058062788394081_15_12_2020,2
6393058062788394081_22_12_2020,2
6795347111862558181_22_3_2019,0
6795347111862558181_29_3_2019,2
6858252756076285992_20_8_2019,2
6858252756076285992_27_8_2019,2
6858252756076285992_3_9_2019,2
6858252756076285992_10_9_2019,2
6896986664384099646_14_12_2019,2
6896986664384099646_21_12_2019,2
7180757084175561655_27_2_2020,2
7180757084175561655_5_3_2020,1
7180757084175561655_12_3_2020,2
7180757084175561655_19_3_2020,2
7180757084175561655_26_3_2020,0
7374776891613428468_29_11_2021,2
7374776891613428468_6_12_2021,2
7410877065574167809_16_10_2021,2
7410877065574167809_23_10_2021,2
7410877065574167809_30_10_2021,2
7555843965157719113_27_10_2020,2
7555843965157719113_3_11_2020,2
7555843965157719113_10_11_2020,2
7718844692540492951_22_4_2021,2
7718844692540492951_29_4_2021,2
7923235767118403670_15_12_2021,2
7958116476007835502_12_2_2021,2
7958116476007835502_19_2_2021,2
8025412464885559626_14_5_2021,2
8025412464885559626_21_5_2021,2
8297851830769547156_19_8_2019,2
8297851830769547156_26_8_2019,2
8297851830769547156_2_9_2019,1
8297851830769547156_9_9_2019,1
8297851830769547156_16_9_2019,1
8297851830769547156_23_9_2019,1
8297851830769547156_30_9_2019,1
8297851830769547156_7_10_2019,2
8350156667933636437_16_7_2021,2
8350156667933636437_23_7_2021,2
8350156667933636437_30_7_2021,2
8515545720493497075_14_7_2021,2
8515545720493497075_21_7_2021,2
8515545720493497075_28_7_2021,2
8515545720493497075_4_8_2021,2
8515545720493497075_11_8_2021,2
8515545720493497075_18_8_2021,2
8515545720493497075_25_8_2021,0
8625085773820087141_26_2_2021,2
8625085773820087141_5_3_2021,2
8625085773820087141_12_3_2021,2
8625085773820087141_19_3_2021,2
8625085773820087141_26_3_2021,2
8625085773820087141_2_4_2021,2
8625085773820087141_9_4_2021,2
8625085773820087141_16_4_2021,2
8625085773820087141_23_4_2021,2
8625085773820087141_30_4_2021,2
8902582675228971240_31_3_2021,2
8902582675228971240_7_4_2021,1
8902582675228971240_14_4_2021,1
8902582675228971240_21_4_2021,1
8902582675228971240_28_4_2021,0
8902582675228971240_5_5_2021,1
8902582675228971240_12_5_2021,0
8902582675228971240_19_5_2021,2
8902582675228971240_26_5_2021,2
8902582675228971240_2_6_2021,1
8902582675228971240_9_6_2021,2
8902582675228971240_16_6_2021,0
